<?xml version="1.0" encoding="utf-8"?>
<!--
  Copyright 2019 Simone Rubino - Agile Business Group
  License AGPL-3.0 or later (http://www.gnu.org/licenses/agpl.html).
  -->

<odoo noupdate="1">
    <record id="sale_commission_settlement_comp_rule" model="ir.rule">
        <field name="name">Settlement company rule</field>
        <field name="model_id" ref="model_sale_commission_settlement"/>
        <field name="global" eval="True"/>
        <field name="domain_force">['|',('company_id','=',False),('company_id','child_of',[user.company_id.id])]</field>
    </record>

    <record id="sale_commission_settlement_line_comp_rule" model="ir.rule">
        <field name="name">Settlement line company rule</field>
        <field name="model_id" ref="model_sale_commission_settlement_line"/>
        <field name="global" eval="True"/>
        <field name="domain_force">['|',('company_id','=',False),('company_id','child_of',[user.company_id.id])]</field>
    </record>
    
    <record id="account_invoice_line_agent_comp_rule" model="ir.rule">
        <field name="name">Account invoice line agent company rule</field>
        <field name="model_id" ref="model_account_invoice_line_agent"/>
        <field name="global" eval="True"/>
        <field name="domain_force">['|',('company_id','=',False),('company_id','child_of',[user.company_id.id])]</field>
    </record>
</odoo>
